SKU,Item,Customer
IEY1500,Ima Eat You! 2015 Zine Pack,86
IEY1506,Ima Eat You! June 2015,541
IEY1507,Ima Eat You! July 2015,541
IEY1506,Ima Eat You! June 2015,524
IEY1507,Ima Eat You! July 2015,524
IEY1507,Ima Eat You! July 2015,190
SKP002,Stay Kind! Button,53
SKS001,Stay Kind! Sticker,53
SKS001,Stay Kind! Sticker,97
SKS001,Stay Kind! Sticker,228
IEY1601,Ima Eat You! January 2016,492
IEY1512,Ima Eat You! December 2015,419
IEY1601,Ima Eat You! January 2016,419
IEY1512,Ima Eat You! December 2015,59
IEY1601,Ima Eat You! January 2016,59
SKS001,Stay Kind! Sticker,182
SKS001,Stay Kind! Sticker,134
IEY1507,Ima Eat You! July 2015,338
IEY1512,Ima Eat You! December 2015,506
SKP001,Preferred Pronouns Button,506
IEY1505,Ima Eat You! May 2015,547
IEY1505,Ima Eat You! May 2015,158
IEY1505,Ima Eat You! May 2015,298
SKP002,Stay Kind! Button,302
SKP002,Stay Kind! Button,401
IEY1507,Ima Eat You! July 2015,616
IEY1505,Ima Eat You! May 2015,529
IEY1505,Ima Eat You! May 2015,62
IEY1601,Ima Eat You! January 2016,10
IEY1506,Ima Eat You! June 2015,538
IEY1507,Ima Eat You! July 2015,538
IEY1506,Ima Eat You! June 2015,415
IEY1507,Ima Eat You! July 2015,415
SKS001,Stay Kind! Sticker,540
IEY1508,Ima Eat You! August 2015,550
IEY1601,Ima Eat You! January 2016,550
SKP001,Preferred Pronouns Button,388
SKP001,Preferred Pronouns Button,393
IEY1506,Ima Eat You! June 2015,552
SKZ004,Confession Issue 1,293
IEY1606,Ima Eat You! June 2016,293
OPZ018,9 Love Potions,96
OPZ015,Introduction to Intuition & Clairvoyance,96
OPZ012,Introduction to Gratitude & Self Love,96
SKS001,Stay Kind! Sticker,396
SKS002,Keep On Loving Sticker,396
SKB002,Stay Kind! Button,396
IEY1606,Ima Eat You! June 2016,488
OPZ041,A Critique of Ally Politics,488
SKZ004,Confession Issue 1,306
OPZ021,Confessions,467
OPZ010,Alex Issue 9,423
SKB002,Stay Kind! Button,423
SKZ003,Parts of the Whole,56
SKS001,Stay Kind! Sticker,56
SKS002,Keep On Loving Sticker,56
SKB001,Preferred Pronouns Button,354
OPZ041,A Critique of Ally Politics,354
OPZ010,Alex Issue 9,224
SKZ003,Parts of the Whole,384
SKZ004,Confession Issue 1,384
SKS001,Stay Kind! Sticker,629
IEY1605,Ima Eat You! May 2016,235
SKZ003,Parts of the Whole,235
SKS002,Keep On Loving Sticker,235
OPZ041,A Critique of Ally Politics,235
SKZ004,Confession Issue 1,131
SKB002,Stay Kind! Button,170
SKZ004,Confession Issue 1,575
SKB002,Stay Kind! Button,575
SKS001,Stay Kind! Sticker,575
IEY1606,Ima Eat You! June 2016,71
SKZ003,Parts of the Whole,375
IEY1012,Ima Eat You! December 2010,27
SKZ003,Parts of the Whole,129
OPZ010,Alex Issue 9,250
OPZ016,How to Feel Better,175
SKZ003,Parts of the Whole,175
SKZ003,Parts of the Whole,394
OPZ003,Penises Are Confusing: A Special Valentine's Day Edition,394
SKZ004,Confession Issue 1,394
OPZ031,If you hate someone... YOU HATE SOMEONE,394
IEY1607,Ima Eat You! July 2016,394
SKP001,Keep On Loving Postcard,556
SKB001,Preferred Pronouns Button,196
SKP001,Keep On Loving Postcard,570
SKS001,Stay Kind! Sticker,570
IEY1604,Ima Eat You! April 2016,145
IEY1503,Ima Eat You! March 2015,109
IEY1508,Ima Eat You! August 2015,109
IEY1510,Ima Eat You! October 2015,109
IEY1012,Ima Eat You! December 2010,109
SKZ004,Confession Issue 1,379
IEY1508,Ima Eat You! August 2015,615
SKZ003,Parts of the Whole,54
SKZ003,Parts of the Whole,486
IEY1508,Ima Eat You! August 2015,443
SKZ004,Confession Issue 1,620
SKZ003,Parts of the Whole,14
OPZ036,Drawing Circles,225
SKZ003,Parts of the Whole,225
IEY1602,Ima Eat You! February 2016,225
SKS001,Stay Kind! Sticker,225
SKB001,Preferred Pronouns Button,225
OPZ013,Introduction to Mindfulness & Manifestation,128
OPZ014,Introduction to Magick,598
SKS001,Stay Kind! Sticker,598
OPZ016,How to Feel Better,198
OPZ012,Introduction to Gratitude & Self Love,198
SKP001,Keep On Loving Postcard,198
OPZ023,"Sometimes, Cigarettes",30
OPZ010,Alex Issue 9,30
SKZ003,Parts of the Whole,30
OPZ013,Introduction to Mindfulness & Manifestation,413
OPZ012,Introduction to Gratitude & Self Love,413
SKB002,Stay Kind! Button,413
IEY1503,Ima Eat You! March 2015,112
IEY1508,Ima Eat You! August 2015,112
IEY1510,Ima Eat You! October 2015,112
IEY1012,Ima Eat You! December 2010,112
OPZ017,Everything is Going To Be Okay,220
OPZ016,How to Feel Better,220
OPZ018,9 Love Potions,220
SKZ004,Confession Issue 1,220
SKZ004,Confession Issue 1,327
SKZ003,Parts of the Whole,561
SKZ003,Parts of the Whole,581
OPZ027,Dream Life Personal Planner,209
OPZ001,How to Get Along with Introverts,209
SKP001,Keep On Loving Postcard,209
OPZ032,"BiH, A Love Story",209
OPZ010,Alex Issue 9,209
OPZ021,Confessions,209
IEY1504,Ima Eat You! April 2015,209
OPZ027,Dream Life Personal Planner,183
OPZ017,Everything is Going To Be Okay,183
OPZ016,How to Feel Better,183
OPZ001,How to Get Along with Introverts,183
OPZ031,If you hate someone... YOU HATE SOMEONE,183
OPZ034,The Goods Zine Vol. 2,183
SKB001,Preferred Pronouns Button,429
IEY1508,Ima Eat You! August 2015,528
SKZ004,Confession Issue 1,585
SKZ003,Parts of the Whole,585
IEY1508,Ima Eat You! August 2015,245
OPZ021,Confessions,43
OPZ030,Ang Pangalawang Pagtatapat: The Second Confessions,43
SKZ004,Confession Issue 1,11
SKS001,Stay Kind! Sticker,537
IEY1106,Ima Eat You! June 2011,359
SKP001,Keep On Loving Postcard,359
IEY1510,Ima Eat You! October 2015,455
SKP001,Keep On Loving Postcard,51
IEY1607,Ima Eat You! July 2016,447
IEY1508,Ima Eat You! August 2015,118
SKZ003,Parts of the Whole,118
OPZ001,How to Get Along with Introverts,505
SKS001,Stay Kind! Sticker,505
SKZ004,Confession Issue 1,270
SKZ004,Confession Issue 1,595
SKZ003,Parts of the Whole,595
SKB002,Stay Kind! Button,494
IEY1603,Ima Eat You! March 2016,60
SKB002,Stay Kind! Button,60
OPZ017,Everything is Going To Be Okay,342
SKZ004,Confession Issue 1,342
OPZ016,How to Feel Better,137
OPZ010,Alex Issue 9,402
SKS001,Stay Kind! Sticker,484
SKB002,Stay Kind! Button,78
OPZ006,Is It Men or Is It Me?,238
SKZ003,Parts of the Whole,238
OPZ021,Confessions,247
OPZ030,Ang Pangalawang Pagtatapat: The Second Confessions,247
SKP001,Keep On Loving Postcard,247
SKZ004,Confession Issue 1,296
OPZ014,Introduction to Magick,408
SKS001,Stay Kind! Sticker,408
IEY1603,Ima Eat You! March 2016,7
IEY1605,Ima Eat You! May 2016,489
SKZ004,Confession Issue 1,539
SKZ003,Parts of the Whole,539
SKZ003,Parts of the Whole,72
SKZ004,Confession Issue 1,546
IEY1607,Ima Eat You! July 2016,313
OPZ030,Ang Pangalawang Pagtatapat: The Second Confessions,313
OPZ021,Confessions,313
OPZ022,How to See Through Bullshit,496
OPZ001,How to Get Along with Introverts,496
IEY1607,Ima Eat You! July 2016,138
SKZ003,Parts of the Whole,515
SKS001,Stay Kind! Sticker,515
SKZ004,Confession Issue 1,52
IEY1607,Ima Eat You! July 2016,38
SKZ003,Parts of the Whole,2
SKB002,Stay Kind! Button,553
IEY1606,Ima Eat You! June 2016,446
OPZ018,9 Love Potions,356
IEY1601,Ima Eat You! January 2016,387
SKZ004,Confession Issue 1,36
OPZ030,Ang Pangalawang Pagtatapat: The Second Confessions,45
OPZ021,Confessions,45
SKZ004,Confession Issue 1,613
IEY1012,Ima Eat You! December 2010,626
IEY1607,Ima Eat You! July 2016,626
SKB001,Preferred Pronouns Button,626
IEY1602,Ima Eat You! February 2016,159
IEY1505,Ima Eat You! May 2015,50
IEY1607,Ima Eat You! July 2016,50
SKS001,Stay Kind! Sticker,50
SKB001,Preferred Pronouns Button,50
IEY1504,Ima Eat You! April 2015,310
IEY1506,Ima Eat You! June 2015,310
IEY1601,Ima Eat You! January 2016,141
SKS001,Stay Kind! Sticker,141
IEY1606,Ima Eat You! June 2016,1
OPZ031,If you hate someone... YOU HATE SOMEONE,113
OPZ010,Alex Issue 9,333
OPZ030,Ang Pangalawang Pagtatapat: The Second Confessions,333
SKS001,Stay Kind! Sticker,333
IEY1607,Ima Eat You! July 2016,217
IEY1500,Ima Eat You! 2015 Zine Pack,433
IEY1012,Ima Eat You! December 2010,185
IEY1607,Ima Eat You! July 2016,185
SKB001,Preferred Pronouns Button,185
OPZ021,Confessions,508
OPZ030,Ang Pangalawang Pagtatapat: The Second Confessions,508
OPZ001,How to Get Along with Introverts,508
OPZ033,The Goods Zine Vol. 1,442
SKP001,Keep On Loving Postcard,168
OPZ031,If you hate someone... YOU HATE SOMEONE,222
OPZ022,How to See Through Bullshit,222
IEY1605,Ima Eat You! May 2016,511
OPZ014,Introduction to Magick,242
OPZ024,Simple Magic,242
OPZ030,Ang Pangalawang Pagtatapat: The Second Confessions,75
IEY1607,Ima Eat You! July 2016,75
SKB002,Stay Kind! Button,194
SKS001,Stay Kind! Sticker,194
IEY1602,Ima Eat You! February 2016,421
IEY1505,Ima Eat You! May 2015,41
IEY1607,Ima Eat You! July 2016,41
SKS001,Stay Kind! Sticker,41
SKB001,Preferred Pronouns Button,41
SKB001,Preferred Pronouns Button,156
OPZ037,Mailbox Morsels Vol. 1,156
OPZ016,How to Feel Better,156
IEY1607,Ima Eat You! July 2016,340
IEY1503,Ima Eat You! March 2015,435
OPZ030,Ang Pangalawang Pagtatapat: The Second Confessions,255
OPZ021,Confessions,255
SKB002,Stay Kind! Button,391
SKS001,Stay Kind! Sticker,391
SKP001,Keep On Loving Postcard,391
OPZ010,Alex Issue 9,518
OPZ032,"BiH, A Love Story",518
OPZ003,Penises Are Confusing: A Special Valentine's Day Edition,518
OPZ008,Penises Are Confusing: When to Not Have Sex,518
IEY1107,Ima Eat You! July 2011,162
SKP001,Keep On Loving Postcard,545
OPZ032,"BiH, A Love Story",516
IEY1505,Ima Eat You! May 2015,632
SKP001,Keep On Loving Postcard,594
SKB002,Stay Kind! Button,594
OPZ010,Alex Issue 9,594
IEY1510,Ima Eat You! October 2015,154
OPZ022,How to See Through Bullshit,154
OPZ017,Everything is Going To Be Okay,121
SKB002,Stay Kind! Button,286
OPZ024,Simple Magic,144
SKB002,Stay Kind! Button,291
SKS001,Stay Kind! Sticker,291
OPZ023,"Sometimes, Cigarettes",241
IEY1507,Ima Eat You! July 2015,241
IEY1604,Ima Eat You! April 2016,241
IEY1508,Ima Eat You! August 2015,367
IEY1509,Ima Eat You! September 2015,367
OPZ022,How to See Through Bullshit,444
IEY1507,Ima Eat You! July 2015,404
IEY1606,Ima Eat You! June 2016,44
OPZ017,Everything is Going To Be Okay,44
OPZ030,Ang Pangalawang Pagtatapat: The Second Confessions,535
IEY1508,Ima Eat You! August 2015,259
IEY1509,Ima Eat You! September 2015,259
IEY1511,Ima Eat You! November 2015,619
IEY1508,Ima Eat You! August 2015,619
IEY1602,Ima Eat You! February 2016,619
IEY1601,Ima Eat You! January 2016,381
IEY1604,Ima Eat You! April 2016,319
IEY1607,Ima Eat You! July 2016,520
IEY1604,Ima Eat You! April 2016,520
IEY1606,Ima Eat You! June 2016,477
IEY1602,Ima Eat You! February 2016,278
SKP001,Keep On Loving Postcard,278
SKS001,Stay Kind! Sticker,596
SKS001,Stay Kind! Sticker,600
IEY1606,Ima Eat You! June 2016,32
IEY1602,Ima Eat You! February 2016,371
SKP001,Keep On Loving Postcard,371
SKB001,Preferred Pronouns Button,348
OPZ025,Practicing > Preaching,473
SKB002,Stay Kind! Button,473
SKP001,Keep On Loving Postcard,49
IEY1504,Ima Eat You! April 2015,610
IEY1603,Ima Eat You! March 2016,358
SKP001,Keep On Loving Postcard,358
SKB001,Preferred Pronouns Button,358
SKB002,Stay Kind! Button,358
SKB002,Stay Kind! Button,376
IEY1508,Ima Eat You! August 2015,257
OPZ024,Simple Magic,29
IEY1606,Ima Eat You! June 2016,58
OPZ011,Alex Issue 10,179
SKP001,Keep On Loving Postcard,92
IEY1607,Ima Eat You! July 2016,92
IEY1604,Ima Eat You! April 2016,92
OPZ024,Simple Magic,92
OPZ025,Practicing > Preaching,92
IEY1605,Ima Eat You! May 2016,110
SKS001,Stay Kind! Sticker,110
OPZ021,Confessions,498
OPZ025,Practicing > Preaching,498
IEY1607,Ima Eat You! July 2016,430
IEY1601,Ima Eat You! January 2016,195
IEY1607,Ima Eat You! July 2016,482
IEY1604,Ima Eat You! April 2016,482
OPZ018,9 Love Potions,449
SKP001,Keep On Loving Postcard,449
OPZ029,The Pen Pal Network News Issue #2,602
SKP001,Keep On Loving Postcard,201
SKB002,Stay Kind! Button,201
SKP001,Keep On Loving Postcard,347
OPZ011,Alex Issue 10,339
IEY1602,Ima Eat You! February 2016,339
IEY1604,Ima Eat You! April 2016,178
OPZ029,The Pen Pal Network News Issue #2,223
IEY1606,Ima Eat You! June 2016,223
OPZ029,The Pen Pal Network News Issue #2,68
SKB002,Stay Kind! Button,542
IEY1607,Ima Eat You! July 2016,608
IEY1507,Ima Eat You! July 2015,285
SKS001,Stay Kind! Sticker,115
IEY1605,Ima Eat You! May 2016,357
IEY1504,Ima Eat You! April 2015,503
SKP001,Keep On Loving Postcard,33
IEY1601,Ima Eat You! January 2016,77
IEY1504,Ima Eat You! April 2015,114
OPZ029,The Pen Pal Network News Issue #2,281
IEY1508,Ima Eat You! August 2015,478
IEY1503,Ima Eat You! March 2015,184
IEY1504,Ima Eat You! April 2015,184
IEY1505,Ima Eat You! May 2015,184
OPZ025,Practicing > Preaching,249
OPZ021,Confessions,95
OPZ018,9 Love Potions,621
SKS001,Stay Kind! Sticker,621
IEY1512,Ima Eat You! December 2015,349
OPZ029,The Pen Pal Network News Issue #2,349
IEY1511,Ima Eat You! November 2015,299
IEY1508,Ima Eat You! August 2015,299
IEY1602,Ima Eat You! February 2016,299
SKB002,Stay Kind! Button,502
OPZ017,Everything is Going To Be Okay,28
SKP001,Keep On Loving Postcard,28
OPZ012,Introduction to Gratitude & Self Love,24
OPZ001,How to Get Along with Introverts,148
SKS001,Stay Kind! Sticker,148
IEY1607,Ima Eat You! July 2016,344
OPZ025,Practicing > Preaching,399
IEY1607,Ima Eat You! July 2016,294
SKB002,Stay Kind! Button,294
SKS001,Stay Kind! Sticker,487
SKS001,Stay Kind! Sticker,127
SKS001,Stay Kind! Sticker,607
IEY1509,Ima Eat You! September 2015,188
IEY1508,Ima Eat You! August 2015,434
IEY1506,Ima Eat You! June 2015,180
SKS001,Stay Kind! Sticker,470
IEY1507,Ima Eat You! July 2015,563
OPZ008,Penises Are Confusing: When to Not Have Sex,251
IEY1507,Ima Eat You! July 2015,452
OPZ010,Alex Issue 9,424
OPZ016,How to Feel Better,345
IEY1505,Ima Eat You! May 2015,590
OPZ009,Amor Y Sacrificio,55
OPZ021,Confessions,199
IEY1500,Ima Eat You! 2015 Zine Pack,199
OPZ014,Introduction to Magick,244
OPZ022,How to See Through Bullshit,244
OPZ009,Amor Y Sacrificio,363
OPZ017,Everything is Going To Be Okay,363
OPZ009,Amor Y Sacrificio,214
OPZ018,9 Love Potions,80
OPZ021,Confessions,618
IEY1511,Ima Eat You! November 2015,3
OPZ010,Alex Issue 9,3
SKS001,Stay Kind! Sticker,3
IEY1506,Ima Eat You! June 2015,336
IEY1508,Ima Eat You! August 2015,307
OPZ021,Confessions,366
OPZ021,Confessions,514
OPZ010,Alex Issue 9,187
IEY1500,Ima Eat You! 2015 Zine Pack,132
OPZ009,Amor Y Sacrificio,132
OPZ021,Confessions,604
SKS001,Stay Kind! Sticker,147
OPZ011,Alex Issue 10,586
OPZ008,Penises Are Confusing: When to Not Have Sex,172
IEY1512,Ima Eat You! December 2015,346
OPZ009,Amor Y Sacrificio,346
OPZ021,Confessions,346
IEY1512,Ima Eat You! December 2015,389
SKP002,Stay Kind! Button,48
SKP002,Stay Kind! Button,450
SKP002,Stay Kind! Button,471
IEY1601,Ima Eat You! January 2016,517
OPZ021,Confessions,517
IEY1601,Ima Eat You! January 2016,525
SKS001,Stay Kind! Sticker,8
IEY1509,Ima Eat You! September 2015,174
IEY1601,Ima Eat You! January 2016,544
SKS001,Stay Kind! Sticker,20
SKS001,Stay Kind! Sticker,106
OPZ010,Alex Issue 9,501
IEY1510,Ima Eat You! October 2015,501
IEY1508,Ima Eat You! August 2015,501
SKP002,Stay Kind! Button,501
OPZ011,Alex Issue 10,627
OPZ009,Amor Y Sacrificio,627
SKP001,Keep On Loving Postcard,579
IEY1512,Ima Eat You! December 2015,318
IEY1605,Ima Eat You! May 2016,318
IEY1509,Ima Eat You! September 2015,252
IEY1504,Ima Eat You! April 2015,252
SKZ007,1 1/2 Weeks,252
SKS002,Keep On Loving Sticker,252
SKS001,Stay Kind! Sticker,252
IEY1508,Ima Eat You! August 2015,42
OPZ016,How to Feel Better,0
OPZ059,How to Love Me,0
IEY1509,Ima Eat You! September 2015,497
SKZ007,1 1/2 Weeks,512
SKS002,Keep On Loving Sticker,94
SKZ004,Confession Issue 1,275
OPZ060,Fixer Eraser #5,355
OPZ007,Face Porn,243
SKZ004,Confession Issue 1,243
SKS002,Keep On Loving Sticker,63
OPZ014,Introduction to Magick,481
OPZ059,How to Love Me,481
OPZ049,If you hate someone... 2nd Edition,567
IEY1602,Ima Eat You! February 2016,116
SKZ003,Parts of the Whole,427
SKZ004,Confession Issue 1,233
SKZ006,Confession Issue 2,233
SKZ003,Parts of the Whole,37
OPZ012,Introduction to Gratitude & Self Love,9
OPZ005,Gimme Gimme: My Relationship with Blow Jobs,125
OPZ070,Penises Are Confusing #21: Learning Curve,125
OPZ021,Confessions,125
IEY1505,Ima Eat You! May 2015,125
IEY1506,Ima Eat You! June 2015,125
OPZ012,Introduction to Gratitude & Self Love,101
OPZ059,How to Love Me,101
SKZ004,Confession Issue 1,536
SKP001,Keep On Loving Postcard,536
SKS002,Keep On Loving Sticker,536
OPZ067,Penises Are Confusing #10: Is Oral Sex Dangerous?,230
SKP001,Keep On Loving Postcard,571
SKZ003,Parts of the Whole,601
SKZ003,Parts of the Whole,171
SKS002,Keep On Loving Sticker,171
OPZ054,The House Our Gods Destroyed,426
OPZ021,Confessions,133
OPZ030,Ang Pangalawang Pagtatapat: The Second Confessions,133
OPZ055,Kulay Ng Balat: The Third Confessions,133
OPZ068,Penises Are Confusing #14: Bite?,91
OPZ006,Is It Men or Is It Me?,91
OPZ013,Introduction to Mindfulness & Manifestation,226
SKS002,Keep On Loving Sticker,226
SKS001,Stay Kind! Sticker,226
OPZ021,Confessions,254
OPZ013,Introduction to Mindfulness & Manifestation,142
OPZ021,Confessions,474
OPZ030,Ang Pangalawang Pagtatapat: The Second Confessions,474
IEY1505,Ima Eat You! May 2015,543
SKZ003,Parts of the Whole,543
OPZ070,Penises Are Confusing #21: Learning Curve,341
SKS002,Keep On Loving Sticker,161
SKS001,Stay Kind! Sticker,161
OPZ064,Anxiety Toolkit,317
OPZ064,Anxiety Toolkit,26
OPZ016,How to Feel Better,213
OPZ065,Become Worry-Free Right Now,213
OPZ073,Penises Are Confusing #36: 5th Anniversary,213
OPZ017,Everything is Going To Be Okay,328
OPZ058,Tender Vol. 2,315
OPZ049,If you hate someone... 2nd Edition,315
OPZ064,Anxiety Toolkit,562
SKS002,Keep On Loving Sticker,439
OPZ065,Become Worry-Free Right Now,269
SKP001,Keep On Loving Postcard,176
OPZ012,Introduction to Gratitude & Self Love,614
OPZ059,How to Love Me,614
SKS001,Stay Kind! Sticker,368
OPZ042,How to Put Together Your Own Consent Workshop,555
OPZ041,A Critique of Ally Politics,13
OPZ064,Anxiety Toolkit,280
OPZ016,How to Feel Better,593
SKP001,Keep On Loving Postcard,593
SKS001,Stay Kind! Sticker,431
OPZ064,Anxiety Toolkit,521
SKP001,Keep On Loving Postcard,22
OPZ064,Anxiety Toolkit,500
OPZ059,How to Love Me,437
SKZ005,Stories from the Inside Issue 1,437
OPZ017,Everything is Going To Be Okay,210
OPZ065,Become Worry-Free Right Now,210
OPZ064,Anxiety Toolkit,4
OPZ064,Anxiety Toolkit,320
IEY1601,Ima Eat You! January 2016,480
SKB002,Stay Kind! Button,480
SKS001,Stay Kind! Sticker,480
SKB002,Stay Kind! Button,491
OPZ017,Everything is Going To Be Okay,400
OPZ064,Anxiety Toolkit,400
OPZ012,Introduction to Gratitude & Self Love,400
SKS002,Keep On Loving Sticker,400
SKB002,Stay Kind! Button,153
SKS001,Stay Kind! Sticker,153
IEY1605,Ima Eat You! May 2016,466
SKZ006,Confession Issue 2,617
SKS002,Keep On Loving Sticker,240
OPZ052,Maps In My Mind,203
SKZ004,Confession Issue 1,312
IEY1605,Ima Eat You! May 2016,212
OPZ064,Anxiety Toolkit,212
OPZ064,Anxiety Toolkit,580
SKB002,Stay Kind! Button,580
SKZ004,Confession Issue 1,624
SKZ006,Confession Issue 2,624
SKS001,Stay Kind! Sticker,577
SKS001,Stay Kind! Sticker,476
SKB002,Stay Kind! Button,582
SKB002,Stay Kind! Button,362
SKS001,Stay Kind! Sticker,362
SKS002,Keep On Loving Sticker,362
IEY1508,Ima Eat You! August 2015,412
SKZ005,Stories from the Inside Issue 1,139
SKS001,Stay Kind! Sticker,74
OPZ049,If you hate someone... 2nd Edition,323
SKS001,Stay Kind! Sticker,323
SKS002,Keep On Loving Sticker,445
OPZ030,Ang Pangalawang Pagtatapat: The Second Confessions,157
OPZ021,Confessions,157
OPZ041,A Critique of Ally Politics,157
SKP001,Keep On Loving Postcard,322
SKS002,Keep On Loving Sticker,322
OPZ056,Living Southerners May 2018,81
OPZ018,9 Love Potions,81
SKS001,Stay Kind! Sticker,463
SKS002,Keep On Loving Sticker,39
SKS002,Keep On Loving Sticker,451
SKS001,Stay Kind! Sticker,369
OPZ056,Living Southerners May 2018,34
SKP001,Keep On Loving Postcard,219
OPZ017,Everything is Going To Be Okay,18
OPZ060,Fixer Eraser #5,18
SKZ003,Parts of the Whole,155
OPZ018,9 Love Potions,377
OPZ030,Ang Pangalawang Pagtatapat: The Second Confessions,409
OPZ021,Confessions,409
OPZ018,9 Love Potions,277
SKS002,Keep On Loving Sticker,513
SKS001,Stay Kind! Sticker,380
SKS002,Keep On Loving Sticker,390
IEY1605,Ima Eat You! May 2016,120
OPZ049,If you hate someone... 2nd Edition,120
OPZ017,Everything is Going To Be Okay,126
OPZ059,How to Love Me,124
OPZ064,Anxiety Toolkit,123
SKS002,Keep On Loving Sticker,123
OPZ065,Become Worry-Free Right Now,118
OPZ059,How to Love Me,118
OPZ052,Maps In My Mind,532
SKB002,Stay Kind! Button,5
SKS002,Keep On Loving Sticker,603
SKB002,Stay Kind! Button,603
OPZ052,Maps In My Mind,578
SKS002,Keep On Loving Sticker,151
SKS001,Stay Kind! Sticker,414
OPZ064,Anxiety Toolkit,93
OPZ061,Shrinks: A Retrospective,93
SKB002,Stay Kind! Button,46
IEY1105,Ima Eat You! May 2011,564
SKS002,Keep On Loving Sticker,566
OPZ012,Introduction to Gratitude & Self Love,89
OPZ059,How to Love Me,89
OPZ014,Introduction to Magick,287
OPZ041,A Critique of Ally Politics,287
SKB002,Stay Kind! Button,504
SKS001,Stay Kind! Sticker,504
SKB002,Stay Kind! Button,197
SKS001,Stay Kind! Sticker,197
SKS001,Stay Kind! Sticker,625
SKB002,Stay Kind! Button,625
OPZ012,Introduction to Gratitude & Self Love,418
OPZ061,Shrinks: A Retrospective,418
SKS001,Stay Kind! Sticker,584
OPZ064,Anxiety Toolkit,211
SKZ004,Confession Issue 1,211
SKZ006,Confession Issue 2,211
SKP001,Keep On Loving Postcard,211
SKS002,Keep On Loving Sticker,211
OPZ064,Anxiety Toolkit,499
OPZ053,Fixer Eraser #2,499
OPZ016,How to Feel Better,264
OPZ015,Introduction to Intuition & Clairvoyance,264
OPZ064,Anxiety Toolkit,264
IEY1601,Ima Eat You! January 2016,264
OPZ016,How to Feel Better,234
SKZ004,Confession Issue 1,16
SKZ006,Confession Issue 2,16
SKP001,Keep On Loving Postcard,290
OPZ064,Anxiety Toolkit,475
OPZ054,The House Our Gods Destroyed,475
OPZ064,Anxiety Toolkit,90
OPZ015,Introduction to Intuition & Clairvoyance,163
IEY1504,Ima Eat You! April 2015,163
IEY1601,Ima Eat You! January 2016,192
OPZ064,Anxiety Toolkit,88
OPZ013,Introduction to Mindfulness & Manifestation,88
SKZ006,Confession Issue 2,583
SKS002,Keep On Loving Sticker,583
SKS001,Stay Kind! Sticker,583
OPZ048,Living Southerners December 2017,100
SKZ006,Confession Issue 2,274
IEY1601,Ima Eat You! January 2016,576
OPZ017,Everything is Going To Be Okay,331
OPZ005,Gimme Gimme: My Relationship with Blow Jobs,189
OPZ004,Penises Are Confusing: The Jerky Boys,189
OPZ017,Everything is Going To Be Okay,565
OPZ059,How to Love Me,565
OPZ064,Anxiety Toolkit,565
OPZ010,Alex Issue 9,21
OPZ064,Anxiety Toolkit,248
SKZ004,Confession Issue 1,329
OPZ057,Living Southerners Variety Pack,332
OPZ064,Anxiety Toolkit,438
OPZ018,9 Love Potions,438
SKS002,Keep On Loving Sticker,438
IEY1604,Ima Eat You! April 2016,326
SKZ006,Confession Issue 2,326
SKZ003,Parts of the Whole,407
OPZ064,Anxiety Toolkit,407
OPZ018,9 Love Potions,140
IEY1508,Ima Eat You! August 2015,57
SKS002,Keep On Loving Sticker,458
SKB002,Stay Kind! Button,458
OPZ064,Anxiety Toolkit,267
SKS001,Stay Kind! Sticker,167
IEY1105,Ima Eat You! May 2011,441
IEY1605,Ima Eat You! May 2016,441
SKZ004,Confession Issue 1,70
OPZ017,Everything is Going To Be Okay,406
OPZ016,How to Feel Better,406
OPZ013,Introduction to Mindfulness & Manifestation,406
OPZ012,Introduction to Gratitude & Self Love,406
SKZ003,Parts of the Whole,164
OPZ058,Tender Vol. 2,160
SKZ003,Parts of the Whole,160
SKS002,Keep On Loving Sticker,160
SKS001,Stay Kind! Sticker,160
SKB002,Stay Kind! Button,160
OPZ058,Tender Vol. 2,531
SKS002,Keep On Loving Sticker,119
IEY1510,Ima Eat You! October 2015,119
SKZ003,Parts of the Whole,119
OPZ010,Alex Issue 9,119
OPZ017,Everything is Going To Be Okay,119
IEY1106,Ima Eat You! June 2011,464
OPZ006,Is It Men or Is It Me?,464
SKZ004,Confession Issue 1,464
SKB002,Stay Kind! Button,448
SKS001,Stay Kind! Sticker,448
OPZ046,Just Little Resistance Things,460
SKS002,Keep On Loving Sticker,456
OPZ059,How to Love Me,350
SKZ004,Confession Issue 1,350
SKZ006,Confession Issue 2,350
SKB002,Stay Kind! Button,325
OPZ051,All That There Is,325
SKZ004,Confession Issue 1,325
SKZ006,Confession Issue 2,325
OPZ047,Living Southerners May 2017,425
OPZ014,Introduction to Magick,12
OPZ056,Living Southerners May 2018,373
OPZ048,Living Southerners December 2017,373
OPZ059,How to Love Me,65
OPZ049,If you hate someone... 2nd Edition,65
IEY1511,Ima Eat You! November 2015,65
SKS002,Keep On Loving Sticker,65
OPZ030,Ang Pangalawang Pagtatapat: The Second Confessions,47
OPZ021,Confessions,47
OPZ055,Kulay Ng Balat: The Third Confessions,47
SKP001,Keep On Loving Postcard,35
OPZ013,Introduction to Mindfulness & Manifestation,568
IEY1510,Ima Eat You! October 2015,305
OPZ059,How to Love Me,468
SKZ003,Parts of the Whole,6
OPZ021,Confessions,6
OPZ030,Ang Pangalawang Pagtatapat: The Second Confessions,6
SKP001,Keep On Loving Postcard,479
SKB002,Stay Kind! Button,479
IEY1510,Ima Eat You! October 2015,103
OPZ052,Maps In My Mind,103
SKP001,Keep On Loving Postcard,103
SKZ005,Stories from the Inside Issue 1,186
SKZ003,Parts of the Whole,186
SKZ005,Stories from the Inside Issue 1,266
SKB002,Stay Kind! Button,465
IEY1106,Ima Eat You! June 2011,107
IEY1602,Ima Eat You! February 2016,98
OPZ035,Send Anything Vol. 1,591
IEY1509,Ima Eat You! September 2015,591
OPZ055,Kulay Ng Balat: The Third Confessions,403
OPZ007,Face Porn,403
OPZ049,If you hate someone... 2nd Edition,335
SKZ003,Parts of the Whole,335
OPZ052,Maps In My Mind,335
OPZ010,Alex Issue 9,335
SKP001,Keep On Loving Postcard,64
SKB002,Stay Kind! Button,64
SKZ004,Confession Issue 1,260
SKS001,Stay Kind! Sticker,260
OPZ018,9 Love Potions,436
OPZ055,Kulay Ng Balat: The Third Confessions,410
OPZ013,Introduction to Mindfulness & Manifestation,410
IEY1508,Ima Eat You! August 2015,149
IEY1507,Ima Eat You! July 2015,351
IEY1604,Ima Eat You! April 2016,351
OPZ003,Penises Are Confusing: A Special Valentine's Day Edition,351
OPZ039,Send Anything Issue 2,351
SKB002,Stay Kind! Button,351
OPZ003,Penises Are Confusing: A Special Valentine's Day Edition,383
IEY1511,Ima Eat You! November 2015,472
SKS001,Stay Kind! Sticker,472
SKS002,Keep On Loving Sticker,623
SKB002,Stay Kind! Button,623
SKZ005,Stories from the Inside Issue 1,428
SKZ003,Parts of the Whole,622
SKZ004,Confession Issue 1,622
SKZ006,Confession Issue 2,622
SKS002,Keep On Loving Sticker,599
SKS001,Stay Kind! Sticker,295
OPZ013,Introduction to Mindfulness & Manifestation,395
SKB002,Stay Kind! Button,495
OPZ013,Introduction to Mindfulness & Manifestation,548
OPZ012,Introduction to Gratitude & Self Love,548
OPZ017,Everything is Going To Be Okay,548
IEY1504,Ima Eat You! April 2015,558
SKS001,Stay Kind! Sticker,558
OPZ018,9 Love Potions,76
OPZ015,Introduction to Intuition & Clairvoyance,273
OPZ013,Introduction to Mindfulness & Manifestation,273
SKS001,Stay Kind! Sticker,79
IEY1601,Ima Eat You! January 2016,202
SKB002,Stay Kind! Button,256
SKP001,Keep On Loving Postcard,256
OPZ047,Living Southerners May 2017,31
SKZ005,Stories from the Inside Issue 1,31
OPZ057,Living Southerners Variety Pack,31
OPZ030,Ang Pangalawang Pagtatapat: The Second Confessions,31
SKZ003,Parts of the Whole,31
OPZ012,Introduction to Gratitude & Self Love,231
OPZ015,Introduction to Intuition & Clairvoyance,231
OPZ016,How to Feel Better,231
SKS001,Stay Kind! Sticker,231
SKZ006,Confession Issue 2,523
SKS001,Stay Kind! Sticker,523
OPZ015,Introduction to Intuition & Clairvoyance,117
IEY1106,Ima Eat You! June 2011,117
SKS001,Stay Kind! Sticker,417
SKZ003,Parts of the Whole,352
SKZ003,Parts of the Whole,193
SKP001,Keep On Loving Postcard,557
OPZ052,Maps In My Mind,246
SKS002,Keep On Loving Sticker,569
IEY1604,Ima Eat You! April 2016,292
IEY1503,Ima Eat You! March 2015,292
OPZ010,Alex Issue 9,628
IEY1511,Ima Eat You! November 2015,457
OPZ014,Introduction to Magick,392
OPZ014,Introduction to Magick,261
SKB002,Stay Kind! Button,519
OPZ018,9 Love Potions,282
SKZ003,Parts of the Whole,282
SKB002,Stay Kind! Button,282
OPZ023,"Sometimes, Cigarettes",130
SKZ004,Confession Issue 1,130
SKZ006,Confession Issue 2,130
SKS001,Stay Kind! Sticker,130
OPZ055,Kulay Ng Balat: The Third Confessions,316
SKZ003,Parts of the Whole,316
SKS001,Stay Kind! Sticker,316
OPZ010,Alex Issue 9,276
OPZ014,Introduction to Magick,422
SKZ003,Parts of the Whole,422
IEY1510,Ima Eat You! October 2015,99
IEY1505,Ima Eat You! May 2015,99
OPZ023,"Sometimes, Cigarettes",232
IEY1606,Ima Eat You! June 2016,232
IEY1509,Ima Eat You! September 2015,232
SKS002,Keep On Loving Sticker,232
SKB002,Stay Kind! Button,232
SKS001,Stay Kind! Sticker,232
OPZ016,How to Feel Better,206
SKS002,Keep On Loving Sticker,206
SKS002,Keep On Loving Sticker,67
OPZ043,Short Guide: Active Listening,304
OPZ044,Short Guide: Consensus Decision Making,304
OPZ045,Short Guide: Taking Minutes at Meetings,304
OPZ042,How to Put Together Your Own Consent Workshop,304
IEY1510,Ima Eat You! October 2015,611
OPZ048,Living Southerners December 2017,165
SKS002,Keep On Loving Sticker,462
OPZ043,Short Guide: Active Listening,462
OPZ044,Short Guide: Consensus Decision Making,462
OPZ045,Short Guide: Taking Minutes at Meetings,462
IEY1603,Ima Eat You! March 2016,19
IEY1510,Ima Eat You! October 2015,19
OPZ030,Ang Pangalawang Pagtatapat: The Second Confessions,263
OPZ021,Confessions,263
OPZ049,If you hate someone... 2nd Edition,263
IEY1106,Ima Eat You! June 2011,549
IEY1107,Ima Eat You! July 2011,549
SKS002,Keep On Loving Sticker,440
SKB002,Stay Kind! Button,440
OPZ016,How to Feel Better,374
SKP001,Keep On Loving Postcard,374
SKS002,Keep On Loving Sticker,374
SKZ004,Confession Issue 1,597
IEY1603,Ima Eat You! March 2016,215
IEY1601,Ima Eat You! January 2016,215
OPZ053,Fixer Eraser #2,215
SKS001,Stay Kind! Sticker,268
OPZ012,Introduction to Gratitude & Self Love,169
OPZ004,Penises Are Confusing: The Jerky Boys,136
OPZ048,Living Southerners December 2017,314
OPZ050,Rebels: A Star Wars Zine Issue One,314
IEY1506,Ima Eat You! June 2015,314
IEY1602,Ima Eat You! February 2016,314
OPZ050,Rebels: A Star Wars Zine Issue One,378
OPZ053,Fixer Eraser #2,454
SKS002,Keep On Loving Sticker,551
SKS001,Stay Kind! Sticker,551
SKP001,Keep On Loving Postcard,551
SKZ003,Parts of the Whole,227
OPZ017,Everything is Going To Be Okay,227
OPZ042,How to Put Together Your Own Consent Workshop,227
IEY1107,Ima Eat You! July 2011,272
IEY1601,Ima Eat You! January 2016,272
SKS002,Keep On Loving Sticker,272
SKZ003,Parts of the Whole,272
OPZ010,Alex Issue 9,272
IEY1506,Ima Eat You! June 2015,385
IEY1602,Ima Eat You! February 2016,385
OPZ020,School of Life Design Zine Pack,303
SKZ003,Parts of the Whole,588
SKZ004,Confession Issue 1,416
SKZ006,Confession Issue 2,416
IEY1507,Ima Eat You! July 2015,606
IEY1606,Ima Eat You! June 2016,606
OPZ049,If you hate someone... 2nd Edition,507
OPZ048,Living Southerners December 2017,589
IEY1506,Ima Eat You! June 2015,105
OPZ041,A Critique of Ally Politics,420
SKZ006,Confession Issue 2,353
SKS002,Keep On Loving Sticker,353
SKZ004,Confession Issue 1,633
SKZ006,Confession Issue 2,633
SKS002,Keep On Loving Sticker,633
OPZ014,Introduction to Magick,237
OPZ051,All That There Is,102
SKS002,Keep On Loving Sticker,102
SKZ005,Stories from the Inside Issue 1,288
OPZ049,If you hate someone... 2nd Edition,574
OPZ048,Living Southerners December 2017,574
IEY1606,Ima Eat You! June 2016,365
OPZ048,Living Southerners December 2017,365
SKZ006,Confession Issue 2,118
OPZ050,Rebels: A Star Wars Zine Issue One,118
SKS002,Keep On Loving Sticker,490
SKS001,Stay Kind! Sticker,490
OPZ010,Alex Issue 9,526
SKS002,Keep On Loving Sticker,526
SKP001,Keep On Loving Postcard,297
SKS002,Keep On Loving Sticker,297
IEY1601,Ima Eat You! January 2016,17
OPZ017,Everything is Going To Be Okay,330
SKB002,Stay Kind! Button,253
OPZ052,Maps In My Mind,279
OPZ010,Alex Issue 9,279
OPZ047,Living Southerners May 2017,334
SKZ005,Stories from the Inside Issue 1,177
IEY1605,Ima Eat You! May 2016,630
OPZ021,Confessions,510
OPZ030,Ang Pangalawang Pagtatapat: The Second Confessions,510
IEY1606,Ima Eat You! June 2016,612
OPZ016,How to Feel Better,469
IEY1508,Ima Eat You! August 2015,73
SKS002,Keep On Loving Sticker,73
SKB002,Stay Kind! Button,73
OPZ012,Introduction to Gratitude & Self Love,229
OPZ030,Ang Pangalawang Pagtatapat: The Second Confessions,216
OPZ021,Confessions,216
OPZ021,Confessions,397
OPZ030,Ang Pangalawang Pagtatapat: The Second Confessions,397
OPZ017,Everything is Going To Be Okay,587
IEY1601,Ima Eat You! January 2016,587
OPZ049,If you hate someone... 2nd Edition,587
OPZ052,Maps In My Mind,461
IEY1602,Ima Eat You! February 2016,405
OPZ049,If you hate someone... 2nd Edition,405
OPZ052,Maps In My Mind,527
OPZ004,Penises Are Confusing: The Jerky Boys,534
OPZ051,All That There Is,534
SKZ003,Parts of the Whole,308
SKS002,Keep On Loving Sticker,308
IEY1500,Ima Eat You! 2015 Zine Pack,559
SKB002,Stay Kind! Button,271
OPZ030,Ang Pangalawang Pagtatapat: The Second Confessions,271
OPZ021,Confessions,271
OPZ048,Living Southerners December 2017,271
SKZ003,Parts of the Whole,271
SKB002,Stay Kind! Button,271
SKZ005,Stories from the Inside Issue 1,300
SKZ004,Confession Issue 1,592
SKB002,Stay Kind! Button,258
SKZ003,Parts of the Whole,522
OPZ050,Rebels: A Star Wars Zine Issue One,25
SKZ003,Parts of the Whole,15
OPZ052,Maps In My Mind,15
OPZ047,Living Southerners May 2017,135
OPZ050,Rebels: A Star Wars Zine Issue One,135
SKZ006,Confession Issue 2,361
SKP001,Keep On Loving Postcard,459
SKS002,Keep On Loving Sticker,459
OPZ018,9 Love Potions,533
IEY1606,Ima Eat You! June 2016,372
SKP001,Keep On Loving Postcard,372
OPZ025,Practicing > Preaching,372
OPZ025,Practicing > Preaching,372
OPZ001,How to Get Along with Introverts,343
SKP001,Keep On Loving Postcard,631
SKS002,Keep On Loving Sticker,411
SKP001,Keep On Loving Postcard,411
SKB002,Stay Kind! Button,411
OPZ006,Is It Men or Is It Me?,23
OPZ040,Prayers from Luca Rose,23
SKZ004,Confession Issue 1,386
OPZ038,Pen Pal Network News Issue 3,111
OPZ007,Face Porn,605
OPZ016,How to Feel Better,573
OPZ013,Introduction to Mindfulness & Manifestation,173
SKZ003,Parts of the Whole,173
SKS002,Keep On Loving Sticker,173
OPZ003,Penises Are Confusing: A Special Valentine's Day Edition,560
SKS002,Keep On Loving Sticker,560
SKS001,Stay Kind! Sticker,560
SKB002,Stay Kind! Button,560
SKS001,Stay Kind! Sticker,609
OPZ016,How to Feel Better,572
SKZ004,Confession Issue 1,572
SKS002,Keep On Loving Sticker,572
OPZ001,How to Get Along with Introverts,284
SKZ004,Confession Issue 1,554
OPZ021,Confessions,485
SKS001,Stay Kind! Sticker,382
SKS002,Keep On Loving Sticker,382
SKB002,Stay Kind! Button,382
OPZ026,The List Zine,218
OPZ017,Everything is Going To Be Okay,218
OPZ014,Introduction to Magick,324
SKS002,Keep On Loving Sticker,324
SKS001,Stay Kind! Sticker,324
SKP001,Keep On Loving Postcard,152
SKS002,Keep On Loving Sticker,152
OPZ018,9 Love Potions,483
OPZ004,Penises Are Confusing: The Jerky Boys,432
OPZ005,Gimme Gimme: My Relationship with Blow Jobs,432
SKB002,Stay Kind! Button,191
SKS002,Keep On Loving Sticker,301
SKB001,Preferred Pronouns Button,321
SKB002,Stay Kind! Button,321
SKS002,Keep On Loving Sticker,321
SKS001,Stay Kind! Sticker,321
SKS001,Stay Kind! Sticker,321
OPZ016,How to Feel Better,166
OPZ012,Introduction to Gratitude & Self Love,166
OPZ051,All That There Is,530
OPZ030,Ang Pangalawang Pagtatapat: The Second Confessions,104
OPZ021,Confessions,104
SKZ003,Parts of the Whole,104
SKS002,Keep On Loving Sticker,104
SKP001,Keep On Loving Postcard,509
SKS002,Keep On Loving Sticker,509
SKB002,Stay Kind! Button,150
IEY1606,Ima Eat You! June 2016,40
SKB002,Stay Kind! Button,40
SKZ004,Confession Issue 1,61
OPZ017,Everything is Going To Be Okay,398
OPZ012,Introduction to Gratitude & Self Love,398
IEY1504,Ima Eat You! April 2015,398
OPZ006,Is It Men or Is It Me?,398
OPZ007,Face Porn,398
SKS002,Keep On Loving Sticker,398
SKB002,Stay Kind! Button,398
SKB002,Stay Kind! Button,493
SKS002,Keep On Loving Sticker,453
SKS002,Keep On Loving Sticker,69
SKB002,Stay Kind! Button,69
SKS002,Keep On Loving Sticker,370
SKS002,Keep On Loving Sticker,337
OPZ050,Rebels: A Star Wars Zine Issue One,66
OPZ041,A Critique of Ally Politics,66
OPZ047,Living Southerners May 2017,289
OPZ050,Rebels: A Star Wars Zine Issue One,289
IEY1512,Ima Eat You! December 2015,289
OPZ052,Maps In My Mind,289
IEY1512,Ima Eat You! December 2015,289
SKZ003,Parts of the Whole,289
SKB002,Stay Kind! Button,289
IEY1509,Ima Eat You! September 2015,146
IEY1601,Ima Eat You! January 2016,146
SKS001,Stay Kind! Sticker,146
SKB001,Ask me about my preferred pronouns,146
SKZ001,Porchin' It,108
IEY1601,Ima Eat You! January 2016,108
SKB002,Stay Kind! Button,108
SKS001,Stay Kind! Sticker,108
IEY1500,Ima Eat You! 2015 Zine Pack,204
SKB002,Stay Kind! Button,204
SKS001,Stay Kind! Sticker,204
IEY1601,Ima Eat You! January 2016,311
SKB002,Stay Kind! Button,311
IEY1500,Ima Eat You! 2015 Zine Pack,311
SKS001,Stay Kind! Sticker,311
IEY1500,Ima Eat You! 2015 Zine Pack,83
SKS001,Stay Kind! Sticker,83
OPZ009,Amor Y Sacrificio,265
SKS001,Stay Kind! Sticker,265
IEY1601,Ima Eat You! January 2016,83
OPZ008,Penises Are Confusing: When to Not Have Sex,83
SKS001,Stay Kind! Sticker,83
OPZ009,Amor Y Sacrificio,239
SKS001,Stay Kind! Sticker,239
OPZ009,Amor Y Sacrificio,82
SKS001,Stay Kind! Sticker,82
IEY1603,Ima Eat You! March 2016,85
IEY1604,Ima Eat You! April 2016,85
IEY1605,Ima Eat You! May 2016,85
IEY1606,Ima Eat You! June 2016,85
IEY1607,Ima Eat You! July 2016,85
SKP001,Keep On Loving Postcard,85
OPZ030,Ang Pangalawang Pagtatapat: The Second Confessions,309
OPZ031,If you hate someone... YOU HATE SOMEONE,309
OPZ023,"Sometimes, Cigarettes",309
OPZ019,Penises Are Confusing Zine Pack,360
IEY1602,Ima Eat You! February 2016,207
OPZ028,Mental Hospital Collage Zine,207
OPZ050,Rebels: A Star Wars Zine Issue One,207
OPZ001,How to Get Along with Introverts,207
OPZ051,All That There Is,207
OPZ036,Drawing Circles,207
SKP001,Keep On Loving Postcard,143
SKZ004,Confession Issue 1,143
SKZ003,Parts of the Whole,143
IEY1606,Ima Eat You! June 2016,143
SKZ006,Confession Issue 2,200
SKZ004,Confession Issue 1,200
OPZ052,Maps In My Mind,200
SKZ006,Confession Issue 2,262
SKZ004,Confession Issue 1,262
SKZ005,Stories from the Inside Issue 1,262
OPZ050,Rebels: A Star Wars Zine Issue One,236
OPZ052,Maps In My Mind,122
OPZ010,Alex Issue 9,122
OPZ046,Just Little Resistance Things,84
OPZ049,If you hate someone... 2nd Edition,84
SKZ003,Parts of the Whole,84
OPZ001,How to Get Along with Introverts,84
OPZ019,Penises Are Confusing Zine Pack,221
OPZ049,If you hate someone... 2nd Edition,87
OPZ048,Living Southerners December 2017,87
OPZ047,Living Southerners May 2017,87
IEY1500,Ima Eat You! 2015 Zine Pack,87
OPZ045,Short Guide: Taking Minutes at Meetings,181
OPZ038,Pen Pal Network News Issue 3,181
OPZ050,Rebels: A Star Wars Zine Issue One,181
OPZ059,How to Love Me,309
OPZ055,Kulay Ng Balat: The Third Confessions,309
SKS002,Keep On Loving Sticker,309
SKP001,Keep On Loving Postcard,309
OPZ064,Anxiety Toolkit,118
OPZ055,Kulay Ng Balat: The Third Confessions,118
OPZ064,Anxiety Toolkit,364
OPZ055,Kulay Ng Balat: The Third Confessions,364
SKZ006,Confession Issue 2,364
IEY1012,Ima Eat You! December 2010,208
OPZ061,Shrinks: A Retrospective,283
OPZ018,9 Love Potions,205
